DI,StructuralIntegrity,ExteriorCharm
0,4,Common
1,5,Gleaming
2,5,Gleaming
3,6,Common
4,9,Common
5,6,Common
6,4,Common
7,6,Common
8,5,Enchanting
9,5,Gleaming
10,5,Common
11,5,Gleaming
12,3,Common
13,5,Gleaming
14,5,Gleaming
15,5,Common
16,5,Gleaming
17,5,Common
18,5,Common
19,5,Gleaming
20,5,Gleaming
21,5,Common
22,6,Common
23,5,Enchanting
24,5,Gleaming
25,5,Enchanting
26,5,Common
27,7,Common
28,5,Gleaming
29,5,Common
30,6,Common
31,6,Common
32,8,Common
33,5,Gleaming
34,5,Common
35,5,Gleaming
36,5,Common
37,7,Common
38,5,Gleaming
39,5,Common
40,6,Common
41,5,Modest
42,6,Common
43,5,Common
44,6,Common
45,5,Common
46,7,Common
47,5,Common
48,5,Common
49,7,Common
50,7,Common
51,6,Common
52,5,Gleaming
53,5,Gleaming
54,5,Common
55,5,Gleaming
56,5,Common
57,5,Common
58,5,Gleaming
59,4,Modest
60,6,Common
61,7,Common
62,5,Enchanting
63,5,Gleaming
64,5,Enchanting
65,6,Common
66,8,Gleaming
67,5,Common
68,5,Common
69,5,Gleaming
70,6,Common
71,8,Common
72,5,Gleaming
73,5,Common
74,8,Common
75,5,Gleaming
76,5,Gleaming
77,5,Common
78,5,Gleaming
79,5,Common
80,5,Gleaming
81,6,Common
82,5,Gleaming
83,7,Common
84,7,Common
85,9,Common
86,5,Gleaming
87,7,Common
88,5,Gleaming
89,5,Gleaming
90,5,Gleaming
91,5,Enchanting
92,4,Common
93,8,Common
94,5,Common
95,7,Common
96,5,Gleaming
97,6,Common
98,5,Common
99,6,Common
100,5,Gleaming
101,6,Modest
102,5,Gleaming
103,6,Common
104,3,Gleaming
105,5,Common
106,5,Gleaming
107,5,Gleaming
108,5,Common
109,5,Gleaming
110,6,Common
111,6,Common
112,5,Gleaming
113,7,Common
114,5,Common
115,5,Gleaming
116,5,Gleaming
117,4,Common
118,5,Common
119,7,Common
120,6,Common
121,5,Gleaming
122,5,Common
123,5,Gleaming
124,6,Common
125,7,Gleaming
126,7,Common
127,5,Common
128,5,Gleaming
129,5,Gleaming
130,5,Common
131,5,Common
132,5,Common
133,7,Common
134,5,Common
135,7,Gleaming
136,5,Gleaming
137,4,Modest
138,8,Common
139,7,Gleaming
140,5,Gleaming
141,5,Gleaming
142,5,Common
143,8,Gleaming
144,6,Common
145,5,Gleaming
146,6,Common
147,5,Common
148,5,Gleaming
149,5,Enchanting
150,5,Common
151,5,Gleaming
152,8,Common
153,5,Common
154,5,Common
155,5,Gleaming
156,5,Gleaming
157,5,Common
158,6,Common
159,5,Common
160,5,Gleaming
161,5,Gleaming
162,5,Common
163,5,Gleaming
164,5,Gleaming
165,6,Gleaming
166,5,Common
167,6,Common
168,5,Common
169,5,Common
170,4,Common
171,5,Common
172,5,Common
173,7,Common
174,5,Gleaming
175,5,Gleaming
176,5,Gleaming
177,5,Gleaming
178,6,Common
179,5,Enchanting
180,5,Common
181,5,Gleaming
182,6,Common
183,5,Enchanting
184,5,Gleaming
185,5,Common
186,5,Gleaming
187,6,Common
188,1,Common
189,6,Common
190,5,Gleaming
191,7,Gleaming
192,5,Gleaming
193,6,Common
194,5,Gleaming
195,5,Common
196,5,Gleaming
197,5,Common
197,5,Common
198,4,Common
199,5,Gleaming
200,5,Gleaming
201,5,Common
202,5,Common
202,5,Common
203,6,Common
204,7,Common
205,5,Enchanting
206,5,Common
207,5,Common
208,7,Common
209,6,Common
210,7,Common
211,7,Common
212,5,Gleaming
213,5,Common
214,5,Common
215,5,Gleaming
216,6,Gleaming
217,7,Common
218,7,Common
219,9,Gleaming
220,6,Common
221,5,Common
221,5,Common
222,5,Gleaming
223,8,Gleaming
224,5,Common
225,4,Common
226,5,Common
227,8,Gleaming
228,5,Common
229,7,Common
230,6,Common
231,5,Common
232,5,Common
233,5,Gleaming
234,7,Common
235,6,Common
236,8,Gleaming
237,5,Gleaming
238,5,Gleaming
239,5,Common
240,5,Enchanting
241,5,Common
242,6,Common
243,6,Common
244,5,Gleaming
245,4,Common
246,5,Common
247,8,Common
248,5,Common
249,5,Gleaming
250,5,Common
251,6,Common
252,6,Common
253,5,Common
254,5,Gleaming
255,5,Gleaming
256,5,Common
257,5,Gleaming
258,7,Common
259,5,Gleaming
260,5,Common
261,5,Common
262,5,Common
263,5,Common
264,7,Common
265,7,Gleaming
266,3,Common
267,5,Common
268,7,Common
269,6,Common
270,5,Common
271,5,Common
272,4,Common
273,5,Common
274,5,Gleaming
275,5,Common
276,7,Gleaming
277,5,Gleaming
278,6,Common
279,5,Common
280,6,Gleaming
281,6,Common
282,6,Common
283,5,Gleaming
284,8,Common
285,4,Common
286,5,Gleaming
287,5,Gleaming
288,5,Common
289,5,Enchanting
290,5,Common
291,5,Common
292,5,Gleaming
293,5,Gleaming
294,3,Gleaming
295,5,Gleaming
296,5,Gleaming
297,6,Common
298,5,Common
299,5,Gleaming
300,5,Common
301,7,Common
302,5,Common
303,5,Common
304,6,Common
305,5,Gleaming
306,5,Enchanting
307,6,Common
308,5,Common
309,5,Enchanting
310,8,Common
311,6,Common
312,5,Common
313,6,Common
314,3,Common
315,5,Common
316,6,Common
317,5,Common
318,5,Gleaming
319,6,Common
320,5,Gleaming
321,5,Common
322,5,Gleaming
323,5,Gleaming
324,5,Gleaming
325,8,Common
326,5,Gleaming
327,4,Common
328,5,Common
329,5,Gleaming
330,5,Common
331,5,Gleaming
332,5,Common
333,6,Common
334,6,Common
335,7,Common
336,6,Common
337,6,Common
338,5,Common
339,6,Common
340,7,Gleaming
341,5,Common
342,5,Gleaming
343,5,Gleaming
344,7,Common
345,9,Gleaming
346,5,Gleaming
347,6,Common
348,6,Common
349,5,Common
350,7,Common
351,5,Common
352,6,Common
353,7,Common
354,5,Enchanting
355,5,Gleaming
356,5,Gleaming
357,5,Common
358,5,Gleaming
359,6,Common
360,6,Common
360,6,Common
361,5,Common
362,7,Common
363,5,Gleaming
364,5,Gleaming
365,6,Common
366,5,Common
367,5,Gleaming
368,6,Common
369,9,Enchanting
370,5,Gleaming
371,9,Gleaming
372,5,Gleaming
373,7,Common
374,6,Common
375,5,Common
376,6,Common
377,5,Common
378,6,Common
379,5,Common
380,5,Gleaming
381,8,Common
382,5,Common
383,6,Common
384,7,Common
385,9,Gleaming
385,9,Gleaming
386,5,Gleaming
387,6,Common
388,5,Enchanting
389,6,Common
390,5,Gleaming
391,8,Common
392,7,Common
393,5,Common
394,5,Gleaming
395,5,Modest
396,5,Common
397,5,Gleaming
398,6,Common
399,6,Common
400,6,Gleaming
401,5,Gleaming
402,5,Common
403,7,Common
404,6,Common
405,8,Common
406,5,Common
407,5,Gleaming
408,5,Gleaming
409,5,Gleaming
410,5,Gleaming
411,5,Common
412,3,Common
413,9,Gleaming
414,4,Common
415,5,Common
416,5,Gleaming
417,5,Gleaming
418,5,Common
419,5,Common
420,6,Common
421,5,Gleaming
422,7,Common
423,5,Common
424,6,Common
425,5,Gleaming
426,2,Common
427,5,Common
428,5,Gleaming
429,5,Gleaming
430,5,Gleaming
431,7,Common
432,5,Common
432,5,Common
433,5,Gleaming
434,8,Common
435,5,Common
436,5,Gleaming
437,5,Gleaming
438,5,Gleaming
439,7,Gleaming
440,6,Common
441,6,Common
442,6,Common
443,5,Common
444,5,Gleaming
445,9,Common
446,5,Common
447,5,Common
448,5,Gleaming
449,5,Gleaming
450,6,Common
451,5,Gleaming
452,5,Gleaming
453,5,Gleaming
454,5,Common
455,7,Common
456,5,Gleaming
457,4,Common
458,6,Common
459,6,Common
460,8,Common
461,4,Common
462,8,Common
463,7,Common
464,5,Gleaming
465,7,Gleaming
466,5,Enchanting
467,7,Common
468,5,Common
469,6,Common
470,5,Common
471,5,Gleaming
472,7,Common
473,7,Common
474,7,Gleaming
475,5,Gleaming
476,5,Common
477,6,Common
478,8,Common
479,5,Gleaming
480,4,Common
481,7,Common
482,6,Common
483,5,Gleaming
484,5,Gleaming
485,5,Gleaming
486,5,Gleaming
487,5,Gleaming
488,5,Gleaming
489,8,Common
490,5,Common
491,5,Gleaming
492,5,Gleaming
493,5,Gleaming
494,6,Common
495,7,Common
496,7,Common
497,9,Common
498,5,Gleaming
499,5,Common
500,5,Gleaming
501,7,Common
502,4,Common
503,6,Common
504,5,Common
505,5,Enchanting
506,6,Common
507,5,Gleaming
508,5,Common
509,6,Common
510,5,Gleaming
511,5,Gleaming
512,6,Common
513,5,Common
514,6,Common
515,6,Common
516,5,Enchanting
517,5,Gleaming
518,3,Common
519,5,Gleaming
520,5,Enchanting
521,7,Gleaming
522,5,Gleaming
523,5,Common
524,5,Gleaming
525,6,Common
526,7,Common
527,5,Common
528,6,Common
529,5,Common
530,6,Common
531,5,Enchanting
532,5,Modest
533,3,Common
534,5,Common
535,5,Common
536,5,Common
537,5,Enchanting
538,7,Common
539,7,Common
540,7,Common
541,6,Common
542,6,Common
543,5,Enchanting
544,6,Common
545,5,Common
546,6,Gleaming
547,5,Common
548,5,Gleaming
549,6,Common
550,7,Common
551,5,Gleaming
552,6,Common
553,7,Common
554,4,Common
555,5,Gleaming
556,5,Gleaming
557,5,Gleaming
558,5,Gleaming
559,6,Common
560,7,Common
561,5,Gleaming
562,5,Gleaming
563,5,Gleaming
564,5,Common
565,7,Common
566,5,Gleaming
567,9,Gleaming
568,6,Common
569,5,Gleaming
570,6,Common
571,5,Common
572,4,Common
573,7,Common
574,5,Gleaming
575,7,Gleaming
576,8,Common
577,8,Common
578,6,Common
579,4,Common
580,5,Common
581,5,Common
582,3,Common
583,5,Common
584,5,Common
585,6,Gleaming
586,8,Common
587,5,Gleaming
588,9,Common
589,7,Common
590,5,Gleaming
591,8,Gleaming
592,5,Gleaming
593,5,Common
594,5,Common
595,6,Common
596,5,Gleaming
597,5,Common
598,6,Common
599,5,Gleaming
600,6,Common
601,5,Common
602,5,Common
603,8,Common
604,5,Gleaming
605,5,Common
606,5,Common
607,6,Gleaming
608,5,Common
609,5,Gleaming
610,8,Common
611,6,Common
612,4,Common
613,5,Common
614,5,Common
615,5,Gleaming
616,5,Gleaming
617,5,Common
618,4,Common
619,5,Common
620,5,Gleaming
621,6,Common
622,5,Common
623,5,Gleaming
624,6,Common
625,5,Enchanting
626,7,Common
627,5,Gleaming
628,5,Enchanting
629,5,Modest
630,5,Common
631,6,Common
632,8,Common
633,5,Gleaming
634,6,Common
635,5,Gleaming
636,5,Gleaming
637,6,Common
638,5,Gleaming
639,6,Common
640,9,Gleaming
641,5,Common
642,5,Gleaming
643,6,Common
644,5,Common
645,6,Common
646,5,Gleaming
647,7,Common
648,9,Common
649,5,Common
650,5,Gleaming
651,7,Common
652,5,Gleaming
653,5,Gleaming
654,5,Gleaming
655,5,Common
656,5,Gleaming
657,6,Common
658,5,Gleaming
659,5,Common
660,8,Common
661,5,Gleaming
662,5,Gleaming
663,7,Common
664,7,Common
665,2,Modest
666,5,Gleaming
667,7,Common
668,5,Gleaming
669,5,Gleaming
670,5,Gleaming
671,7,Common
672,6,Common
673,7,Common
674,3,Common
675,5,Gleaming
676,5,Common
677,7,Common
678,5,Gleaming
679,5,Common
680,5,Common
681,5,Gleaming
682,5,Common
683,8,Common
684,5,Common
685,5,Enchanting
686,7,Common
687,5,Gleaming
688,5,Common
689,5,Common
690,6,Gleaming
691,4,Common
692,5,Common
693,5,Gleaming
694,5,Common
695,6,Common
696,6,Common
697,5,Common
698,5,Gleaming
699,8,Common
700,6,Common
701,3,Common
702,5,Common
703,7,Common
704,5,Gleaming
705,5,Common
706,5,Common
707,5,Common
708,5,Gleaming
709,7,Common
710,6,Common
711,8,Common
712,5,Common
713,5,Common
714,6,Common
715,6,Common
716,7,Common
717,5,Gleaming
718,5,Common
719,5,Common
720,4,Common
721,5,Gleaming
722,7,Common
723,4,Gleaming
724,7,Common
725,5,Gleaming
726,4,Modest
726,4,Modest
727,5,Common
728,5,Gleaming
729,5,Common
730,5,Common
731,6,Gleaming
732,5,Gleaming
733,5,Common
734,7,Common
735,5,Common
736,5,Common
737,5,Common
738,5,Common
739,5,Gleaming
740,6,Common
741,5,Common
742,6,Common
743,5,Gleaming
744,6,Common
745,5,Gleaming
746,6,Common
747,6,Common
748,5,Common
749,9,Common
750,5,Common
751,8,Common
752,5,Gleaming
753,5,Gleaming
754,5,Gleaming
755,7,Modest
756,5,Gleaming
757,6,Common
758,6,Common
759,5,Gleaming
760,5,Common
761,4,Common
762,5,Gleaming
763,6,Common
764,5,Common
765,5,Common
766,5,Gleaming
767,5,Gleaming
768,6,Common
769,5,Gleaming
770,6,Common
771,5,Common
772,4,Common
773,5,Common
774,5,Gleaming
775,6,Common
776,5,Gleaming
777,5,Gleaming
778,6,Common
779,5,Gleaming
780,5,Common
781,6,Common
782,5,Gleaming
783,5,Gleaming
784,8,Common
785,4,Common
786,5,Gleaming
787,5,Gleaming
788,7,Common
789,7,Common
790,6,Common
791,5,Common
792,5,Gleaming
793,6,Common
794,6,Common
795,5,Gleaming
796,4,Common
797,5,Gleaming
798,5,Gleaming
799,6,Common
800,7,Gleaming
801,6,Common
802,5,Common
803,7,Common
804,5,Common
805,5,Enchanting
806,5,Gleaming
807,9,Enchanting
808,7,Common
809,5,Gleaming
810,5,Common
811,7,Common
812,6,Common
813,7,Common
814,5,Common
815,7,Common
816,6,Common
817,5,Common
818,5,Gleaming
819,5,Common
820,5,Enchanting
821,4,Common
822,5,Enchanting
823,5,Enchanting
824,6,Common
825,7,Common
826,5,Common
827,4,Common
828,5,Common
829,5,Gleaming
830,5,Gleaming
831,6,Common
832,5,Common
833,5,Gleaming
834,7,Common
835,5,Enchanting
836,5,Gleaming
837,5,Gleaming
838,5,Common
839,5,Gleaming
840,8,Common
841,9,Common
842,5,Common
843,5,Gleaming
844,5,Common
845,7,Common
846,7,Gleaming
847,6,Common
848,5,Common
849,5,Gleaming
850,5,Gleaming
851,5,Common
852,6,Common
853,8,Common
854,5,Common
855,5,Gleaming
856,5,Gleaming
857,7,Common
858,5,Gleaming
859,5,Common
860,5,Gleaming
861,5,Common
862,5,Common
863,6,Common
864,6,Common
865,5,Common
866,5,Gleaming
867,6,Common
868,6,Common
869,5,Common
870,6,Common
871,6,Common
872,6,Common
873,7,Common
874,5,Gleaming
875,5,Gleaming
876,6,Common
877,5,Common
878,6,Common
879,5,Gleaming
880,6,Common
881,7,Common
882,6,Common
883,6,Common
884,7,Common
885,8,Gleaming
886,7,Common
887,6,Common
888,5,Gleaming
889,5,Gleaming
890,5,Enchanting
891,5,Common
892,7,Common
893,5,Gleaming
894,6,Common
895,5,Gleaming
896,6,Common
897,5,Gleaming
898,6,Common
899,5,Gleaming
900,5,Common
901,6,Common
902,5,Common
903,5,Common
904,5,Gleaming
905,5,Common
906,5,Gleaming
907,3,Common
908,5,Common
909,8,Common
910,5,Gleaming
911,6,Common
912,8,Common
913,4,Common
914,5,Gleaming
915,5,Enchanting
916,5,Gleaming
917,7,Common
918,5,Enchanting
919,5,Gleaming
920,9,Gleaming
921,5,Gleaming
922,8,Gleaming
923,5,Enchanting
924,6,Common
925,4,Gleaming
926,7,Common
927,5,Common
928,5,Gleaming
929,5,Common
930,5,Common
931,6,Common
932,5,Gleaming
933,7,Common
934,6,Common
935,5,Gleaming
936,8,Common
937,7,Gleaming
938,5,Common
939,5,Common
940,5,Common
941,5,Gleaming
942,8,Gleaming
943,5,Common
944,5,Common
945,6,Common
946,6,Common
947,5,Gleaming
948,5,Gleaming
949,8,Common
950,5,Common
951,5,Gleaming
952,4,Common
953,5,Gleaming
954,5,Gleaming
955,5,Common
956,5,Gleaming
957,5,Gleaming
958,5,Common
959,5,Gleaming
960,7,Common
961,4,Common
962,5,Common
963,5,Common
964,5,Common
965,5,Common
966,5,Gleaming
967,5,Common
968,5,Gleaming
969,6,Common
970,5,Enchanting
971,5,Gleaming
972,6,Common
973,5,Gleaming
974,5,Gleaming
975,7,Common
976,7,Common
977,5,Gleaming
978,9,Common
979,8,Common
980,5,Gleaming
981,5,Common
982,5,Gleaming
983,5,Gleaming
984,6,Common
985,5,Common
986,5,Gleaming
987,5,Common
988,5,Gleaming
989,5,Gleaming
990,5,Gleaming
991,5,Gleaming
992,5,Common
993,6,Common
994,7,Common
995,5,Common
996,5,Gleaming
997,5,Common
998,5,Common
999,6,Common
1000,5,Common
1001,7,Common
1002,5,Gleaming
1003,5,Gleaming
1004,6,Common
1005,6,Common
1006,5,Gleaming
1007,5,Common
1008,7,Gleaming
1009,6,Common
1010,5,Common
1011,3,Common
1012,6,Common
1013,7,Gleaming
1014,5,Enchanting
1015,5,Common
1016,5,Common
1016,5,Common
1017,6,Common
1018,5,Common
1019,5,Common
1020,5,Common
1021,7,Common
1022,6,Common
1023,7,Gleaming
1024,7,Common
1025,5,Gleaming
1026,2,Common
1027,5,Common
1028,5,Common
1029,6,Common
1030,5,Gleaming
1031,3,Common
1032,5,Gleaming
1033,6,Common
1034,2,Common
1035,5,Gleaming
1036,5,Gleaming
1037,6,Common
1038,5,Common
1039,8,Common
1040,5,Gleaming
1041,6,Gleaming
1042,5,Gleaming
1043,7,Common
1044,5,Common
1045,5,Gleaming
1046,5,Gleaming
1047,8,Common
1048,6,Common
1049,7,Common
1050,5,Gleaming
1051,5,Common
1052,6,Common
1053,8,Gleaming
1054,5,Gleaming
1055,6,Common
1056,5,Common
1057,5,Common
1058,5,Gleaming
1059,5,Common
1060,5,Common
1061,8,Common
1062,7,Common
1063,5,Gleaming
1064,6,Common
1065,7,Common
1066,5,Common
1067,5,Gleaming
1068,5,Common
1069,5,Common
1070,5,Gleaming
1071,7,Common
1072,6,Common
1073,8,Common
1074,4,Modest
1075,5,Common
1076,5,Common
1077,4,Common
1078,5,Enchanting
1079,4,Common
1080,5,Common
1081,5,Common
1082,5,Common
1083,7,Common
1084,5,Enchanting
1085,5,Gleaming
1086,5,Enchanting
1087,5,Common
1088,7,Common
1089,5,Common
1090,6,Common
1091,3,Common
1092,5,Gleaming
1093,5,Common
1094,5,Common
1095,7,Common
1096,5,Gleaming
1097,5,Common
1098,7,Gleaming
1099,5,Enchanting
1100,5,Common
1101,6,Gleaming
1102,5,Common
1103,5,Gleaming
1104,5,Gleaming
1105,5,Gleaming
1106,5,Common
1107,5,Enchanting
1108,5,Gleaming
1109,5,Gleaming
1110,4,Common
1111,5,Gleaming
1112,8,Common
1113,5,Gleaming
1114,6,Common
1115,4,Gleaming
1116,5,Common
1117,5,Gleaming
1118,5,Gleaming
1119,5,Common
1120,8,Common
1121,5,Common
1122,5,Gleaming
1123,5,Gleaming
1124,5,Gleaming
1125,5,Gleaming
1126,4,Common
1126,4,Common
1127,6,Common
1128,5,Gleaming
1129,8,Common
1130,6,Common
1131,7,Common
1132,6,Common
1133,5,Gleaming
1134,5,Gleaming
1135,5,Gleaming
1136,5,Common
1137,7,Common
1138,4,Common
1139,6,Common
1140,5,Gleaming
1141,6,Common
1142,5,Common
1143,7,Common
1144,5,Gleaming
1145,4,Common
1146,8,Common
1147,7,Common
1147,7,Common
1148,6,Common
1149,5,Common
1150,7,Common
1151,5,Gleaming
1152,6,Common
1153,7,Common
1154,6,Common
1155,5,Common
1155,5,Common
1156,6,Common
1157,6,Common
1158,5,Enchanting
1159,5,Gleaming
1160,9,Enchanting
1161,8,Gleaming
1162,3,Common
1163,5,Gleaming
1164,5,Gleaming
1165,5,Common
1166,5,Gleaming
1167,5,Gleaming
1168,6,Common
1169,7,Gleaming
1170,5,Gleaming
1171,5,Gleaming
1172,5,Common
1173,5,Common
1174,5,Gleaming
1175,7,Common
1176,7,Common
1177,7,Common
1178,5,Common
1179,5,Common
1180,5,Gleaming
1181,6,Common
1182,5,Common
1183,5,Common
1184,6,Common
1185,5,Gleaming
1186,6,Common
1187,5,Common
1188,5,Common
1189,3,Modest
1190,5,Common
1191,6,Common
1192,3,Common
1193,6,Common
1194,5,Gleaming
1195,5,Gleaming
1196,5,Common
1197,5,Gleaming
1198,9,Gleaming
1199,5,Common
1200,5,Common
1201,7,Common
1202,5,Gleaming
1203,5,Common
1204,5,Gleaming
1205,4,Common
1206,8,Common
1207,8,Common
1208,4,Common
1209,6,Gleaming
1210,5,Gleaming
1211,7,Common
1212,7,Common
1213,5,Gleaming
1214,7,Common
1215,5,Gleaming
1215,5,Gleaming
1216,5,Common
1217,5,Gleaming
1218,6,Gleaming
1219,7,Common
1220,5,Common
1221,5,Common
1222,5,Common
1223,5,Gleaming
1224,8,Common
1225,5,Gleaming
1226,7,Common
1227,5,Gleaming
1228,5,Common
1229,5,Common
1230,5,Gleaming
1231,8,Common
1232,5,Common
1233,5,Common
1234,5,Common
1235,6,Common
1236,8,Gleaming
1237,7,Gleaming
1238,5,Common
1239,7,Common
1240,5,Enchanting
1241,7,Common
1241,7,Common
1242,5,Common
1243,5,Gleaming
1244,5,Gleaming
1245,8,Common
1246,5,Common
1247,5,Common
1248,7,Gleaming
1249,7,Common
1250,3,Common
1251,7,Common
1252,7,Common
1253,7,Common
1254,7,Common
1255,7,Common
1256,7,Common
1257,5,Gleaming
1258,5,Common
1259,5,Common
1260,7,Gleaming
1261,6,Common
1262,8,Common
1263,4,Common
1264,7,Common
1265,4,Common
1266,5,Gleaming
1267,5,Common
1268,5,Gleaming
1269,7,Common
1270,5,Common
1271,5,Gleaming
1272,3,Common
1273,5,Gleaming
1274,5,Gleaming
1275,5,Gleaming
1276,6,Common
1277,5,Gleaming
1278,5,Gleaming
1279,5,Common
1280,6,Common
1281,6,Common
1282,6,Gleaming
1283,5,Common
1284,5,Common
1285,7,Common
1286,5,Gleaming
1287,7,Common
1288,6,Common
1289,3,Modest
1290,7,Gleaming
1291,5,Gleaming
1292,7,Common
1293,6,Common
1294,7,Common
1295,7,Common
1296,5,Common
1297,5,Gleaming
1298,5,Gleaming
1299,5,Common
1300,5,Gleaming
1301,5,Gleaming
1302,6,Common
1303,8,Common
1304,5,Gleaming
1305,5,Gleaming
1306,6,Common
1307,5,Gleaming
1308,5,Enchanting
1309,4,Common
1310,6,Common
1311,6,Common
1312,5,Gleaming
1313,5,Gleaming
1314,6,Gleaming
1315,6,Common
1316,5,Gleaming
1317,7,Gleaming
1318,8,Common
1319,7,Common
1320,5,Gleaming
1321,5,Common
1322,8,Common
1323,7,Common
1324,6,Common
1325,7,Common
1326,5,Gleaming
1327,8,Common
1328,6,Common
1329,5,Common
1330,6,Common
1331,5,Gleaming
1332,3,Common
1333,5,Gleaming
1334,5,Common
1335,5,Common
1336,4,Common
1337,5,Common
1338,5,Gleaming
1339,8,Common
1340,5,Gleaming
1341,5,Common
1342,6,Common
1343,7,Common
1344,5,Gleaming
1345,5,Gleaming
1346,6,Common
1347,5,Gleaming
1348,5,Common
1349,4,Gleaming
1350,5,Gleaming
1351,5,Enchanting
1352,7,Common
1353,5,Gleaming
1354,7,Common
1355,5,Gleaming
1356,7,Common
1357,6,Common
1358,5,Common
1359,3,Common
1360,5,Gleaming
1361,5,Gleaming
1362,5,Gleaming
1363,5,Gleaming
1364,4,Common
1365,5,Gleaming
1366,5,Gleaming
1367,5,Enchanting
1368,6,Gleaming
1369,5,Enchanting
1370,7,Common
1371,6,Common
1372,5,Gleaming
1372,5,Gleaming
1373,6,Common
1374,7,Gleaming
1375,5,Gleaming
1376,7,Common
1377,5,Gleaming
1378,6,Common
1379,2,Gleaming
1380,5,Gleaming
1381,5,Gleaming
1382,6,Common
1383,5,Common
1384,5,Common
1385,6,Common
1386,6,Common
1387,5,Common
1388,5,Gleaming
1389,3,Common
1390,5,Enchanting
1391,5,Common
1392,4,Common
1393,3,Modest
1394,6,Common
1395,5,Gleaming
1396,5,Gleaming
1397,5,Common
1398,5,Common
1399,5,Common
1400,7,Common
1401,5,Common
1402,6,Common
1403,8,Gleaming
1404,5,Common
1405,6,Common
1406,7,Common
1407,9,Common
1408,5,Common
1409,5,Gleaming
1410,5,Gleaming
1411,8,Gleaming
1412,5,Gleaming
1413,6,Common
1414,5,Gleaming
1415,5,Gleaming
1416,6,Common
1417,4,Common
1418,5,Gleaming
1419,4,Common
1420,5,Common
1421,6,Common
1422,7,Common
1423,7,Common
1424,4,Common
1425,5,Common
1426,7,Common
1427,6,Common
1428,5,Gleaming
1429,7,Common
1430,7,Common
1431,5,Gleaming
1432,5,Common
1433,5,Common
1434,5,Enchanting
1435,5,Gleaming
1436,5,Gleaming
1437,5,Gleaming
1438,5,Common
1439,5,Gleaming
1440,2,Common
1441,5,Common
1442,5,Enchanting
1443,3,Common
1444,5,Gleaming
1445,5,Gleaming
1446,6,Common
1447,5,Common
1448,7,Common
1449,7,Common
1450,5,Common
1451,5,Common
1452,5,Common
1453,8,Common
1454,5,Common
1455,6,Common
1456,6,Common
1457,5,Gleaming
1458,5,Common
1459,5,Common
1460,7,Gleaming
1461,5,Enchanting
1462,5,Gleaming
1463,7,Common
1464,6,Common
1465,5,Common
1466,8,Common
1467,5,Common
1468,3,Common
1469,5,Gleaming
1470,5,Gleaming
1471,7,Common
1472,6,Common
1473,7,Common
1474,8,Gleaming
1475,7,Common
1476,8,Common
1477,5,Gleaming
1478,7,Gleaming
1479,5,Common
1480,5,Common
1481,5,Gleaming
1482,9,Enchanting
1483,4,Common
1484,5,Gleaming
1485,5,Common
1486,5,Gleaming
1487,5,Common
1488,5,Common
1489,5,Common
1490,5,Common
1491,6,Common
1492,5,Enchanting
1493,7,Common
1494,4,Common
1495,5,Gleaming
1496,5,Common
1497,8,Common
1498,5,Common
1499,5,Common
1500,5,Gleaming
1501,6,Common
1502,5,Gleaming
1503,5,Common
1504,7,Common
1505,5,Gleaming
1506,5,Common
1507,5,Enchanting
1508,5,Gleaming
1509,5,Common
1510,5,Common
1511,8,Common
1512,8,Common
1513,5,Gleaming
1514,5,Enchanting
1515,5,Common
1516,8,Common
1517,5,Gleaming
1518,3,Common
1519,5,Gleaming
1520,6,Common
1521,5,Gleaming
1522,4,Common
1523,6,Common
1524,5,Enchanting
1525,5,Gleaming
1526,6,Common
1527,5,Gleaming
1528,5,Common
1529,5,Common
1530,5,Common
1531,5,Gleaming
1532,5,Common
1533,5,Gleaming
1534,6,Common
1535,7,Common
1536,5,Enchanting
1537,5,Gleaming
1538,5,Common
1539,6,Common
1540,7,Common
1541,6,Common
1542,6,Common
1543,7,Common
1544,5,Gleaming
1545,7,Common
1546,5,Gleaming
1547,3,Common
1548,5,Enchanting
1549,5,Gleaming
1550,5,Gleaming
1551,5,Common
1552,5,Gleaming
1553,5,Gleaming
1554,5,Gleaming
1555,5,Gleaming
1556,5,Common
1557,6,Common
1558,5,Gleaming
1559,6,Common
1560,5,Common
1561,6,Common
1562,7,Common
1563,7,Common
1564,6,Common
1565,3,Common
1566,5,Common
1567,7,Common
1568,6,Common
1569,5,Common
1570,5,Enchanting
1571,5,Common
1572,8,Gleaming
1573,8,Common
1574,5,Gleaming
1575,7,Common
1576,7,Common
1577,6,Common
1578,5,Common
1579,5,Gleaming
1580,6,Common
1581,5,Gleaming
1582,5,Gleaming
1583,5,Gleaming
1584,5,Gleaming
1585,5,Common
1586,5,Common
1587,4,Common
1588,8,Gleaming
1589,9,Common
1590,5,Common
1591,5,Common
1592,6,Common
1593,7,Common
1594,5,Common
1595,7,Gleaming
1596,4,Common
1597,5,Common
1598,9,Common
1599,6,Common
1600,5,Gleaming
1601,6,Common
1602,6,Common
1603,8,Gleaming
1604,6,Common
1605,5,Gleaming
1606,6,Common
1607,5,Common
1608,6,Common
1609,8,Common
1610,7,Common
1611,7,Common
1612,5,Gleaming
1613,5,Gleaming
1614,5,Gleaming
1615,5,Common
1616,7,Common
1617,5,Common
1618,5,Gleaming
1619,5,Common
1620,6,Common
1621,4,Common
1621,4,Common
1622,7,Common
1623,6,Common
1624,7,Common
1625,6,Gleaming
1626,5,Common
1627,6,Enchanting
1628,6,Common
1629,6,Common
1630,5,Gleaming
1631,5,Gleaming
1632,5,Common
1633,7,Common
1634,5,Gleaming
1635,6,Common
1636,5,Gleaming
1637,5,Gleaming
1638,8,Common
1639,5,Common
1640,5,Gleaming
1641,7,Gleaming
1642,5,Gleaming
1643,4,Common
1644,7,Common
1645,5,Common
1646,5,Common
1647,5,Gleaming
1648,7,Common
1649,4,Common
1650,5,Gleaming
1651,5,Common
1652,5,Enchanting
1653,5,Gleaming
1654,6,Common
1655,5,Gleaming
1656,6,Common
1657,3,Modest
1658,5,Common
1659,5,Modest
1660,5,Gleaming
1661,5,Common
1662,5,Common
1663,5,Common
1664,5,Gleaming
1665,5,Gleaming
1666,5,Common
1667,6,Common
1668,5,Common
1669,5,Gleaming
1670,5,Gleaming
1671,6,Common
1672,6,Common
1673,5,Gleaming
1674,6,Common
1675,5,Common
1676,8,Gleaming
1677,6,Common
1678,5,Common
1679,5,Gleaming
1680,5,Gleaming
1681,6,Gleaming
1682,6,Common
1683,5,Common
1684,5,Common
1685,5,Gleaming
1686,8,Common
1687,7,Common
1688,5,Gleaming
1689,5,Common
1690,7,Common
1691,5,Common
1692,5,Gleaming
1693,8,Common
1694,7,Common
1695,5,Gleaming
1696,4,Common
1697,7,Common
1698,7,Common
1699,5,Common
1700,6,Common
1701,7,Common
1702,6,Common
1703,5,Common
1704,5,Gleaming
1705,5,Enchanting
1706,8,Common
1707,5,Gleaming
1708,5,Enchanting
1709,6,Gleaming
1710,5,Common
1711,7,Common
1712,5,Gleaming
1713,5,Gleaming
1714,5,Gleaming
1715,8,Common
1716,7,Gleaming
1717,5,Gleaming
1718,8,Gleaming
1719,6,Common
1720,5,Gleaming
1721,6,Common
1722,5,Common
1723,5,Common
1724,5,Enchanting
1725,5,Gleaming
1726,5,Gleaming
1727,5,Common
1728,5,Common
1729,9,Common
1730,5,Common
1731,5,Enchanting
1732,5,Gleaming
1733,6,Common
1734,6,Common
1735,5,Gleaming
1736,6,Common
1737,8,Enchanting
1738,5,Gleaming
1739,5,Common
1740,7,Common
1741,5,Common
1742,5,Gleaming
1743,6,Common
1744,4,Common
1745,7,Common
1746,5,Common
1747,5,Gleaming
1748,5,Common
1749,7,Common
1750,5,Gleaming
1751,5,Gleaming
1752,5,Common
1753,6,Common
1754,4,Common
1755,7,Common
1756,6,Common
1757,5,Common
1758,6,Gleaming
1759,4,Common
1760,6,Common
1761,5,Gleaming
1762,5,Common
1763,5,Common
1764,7,Common
1765,5,Gleaming
1766,5,Common
1767,6,Common
1768,5,Common
1769,6,Common
1770,6,Common
1771,3,Common
1772,7,Common
1773,7,Common
1774,5,Common
1775,6,Common
1776,5,Common
1777,8,Common
1778,7,Common
1779,6,Common
1780,4,Common
1781,5,Common
1782,6,Common
1783,5,Gleaming
1784,7,Common
1785,5,Common
1786,5,Enchanting
1787,5,Common
1788,5,Gleaming
1789,7,Common
1790,5,Common
1791,5,Common
1792,5,Gleaming
1793,4,Common
1794,6,Common
1795,6,Gleaming
1796,5,Gleaming
1797,6,Common
1798,5,Gleaming
1799,6,Common
1800,5,Gleaming
1801,6,Common
1802,5,Common
1803,7,Common
1804,5,Gleaming
1805,6,Common
1806,5,Common
1807,5,Gleaming
1808,5,Gleaming
1809,6,Common
1810,5,Gleaming
1811,5,Common
1812,5,Gleaming
1813,7,Common
1814,5,Common
1815,7,Common
1816,5,Gleaming
1817,5,Common
1818,5,Gleaming
1819,6,Common
1820,5,Common
1821,6,Common
1822,5,Gleaming
1823,5,Gleaming
1824,5,Gleaming
1825,6,Gleaming
1826,7,Common
1827,5,Gleaming
1828,8,Common
1829,5,Gleaming
1830,6,Common
1831,8,Common
1832,5,Gleaming
1833,5,Common
1834,5,Common
1835,5,Gleaming
1836,6,Common
1837,5,Common
1838,5,Common
1839,7,Common
1840,7,Gleaming
1841,7,Common
1842,5,Common
1843,5,Common
1844,5,Common
1845,5,Common
1846,7,Modest
1847,8,Common
1848,5,Enchanting
1849,5,Enchanting
1850,5,Common
1851,7,Common
1852,2,Common
1853,6,Common
1854,6,Common
1855,5,Common
1856,7,Common
1857,6,Common
1858,7,Common
1859,5,Gleaming
1860,5,Gleaming
1861,5,Common
1862,8,Common
1863,7,Common
1864,5,Common
1865,5,Gleaming
1866,6,Common
1867,5,Common
1868,6,Common
1869,5,Gleaming
1870,5,Common
1871,5,Gleaming
1872,6,Gleaming
1872,6,Gleaming
1873,5,Gleaming
1874,5,Common
1875,5,Common
1876,8,Common
1877,6,Common
1878,8,Common
1879,6,Gleaming
1880,5,Gleaming
1881,5,Gleaming
1882,5,Common
1883,5,Common
1884,3,Common
1885,5,Common
1886,5,Gleaming
1887,5,Common
1888,7,Common
1889,5,Common
1890,6,Common
1891,5,Enchanting
1892,6,Common
1893,5,Gleaming
1894,8,Gleaming
1895,5,Gleaming
1896,5,Common
1897,4,Common
1898,5,Common
1899,5,Gleaming
1900,6,Common
1901,5,Gleaming
1902,5,Common
1903,5,Common
1904,6,Common
1905,5,Common
1906,6,Common
1907,5,Common
1908,5,Common
1909,5,Gleaming
1910,5,Gleaming
1911,8,Common
1912,5,Common
1913,6,Common
1914,5,Gleaming
1915,5,Common
1916,5,Gleaming
1917,7,Common
1918,7,Common
1919,5,Common
1920,5,Gleaming
1921,5,Gleaming
1922,8,Common
1923,9,Gleaming
1924,3,Common
1925,6,Gleaming
1926,7,Common
1926,7,Common
1927,5,Common
1928,7,Common
1929,5,Gleaming
1930,5,Gleaming
1931,8,Common
1932,5,Gleaming
1933,9,Gleaming
1934,5,Enchanting
1935,6,Common
1936,5,Gleaming
1937,8,Modest
1938,5,Common
1939,7,Common
1940,5,Gleaming
1941,6,Common
1942,5,Gleaming
1943,5,Enchanting
1944,6,Common
1945,9,Enchanting
1946,6,Common
1947,5,Gleaming
1948,5,Gleaming
1949,6,Gleaming
1950,9,Gleaming
1951,6,Common
1952,5,Common
1953,5,Gleaming
1954,5,Gleaming
1955,5,Gleaming
1956,5,Gleaming
1957,6,Common
1958,6,Gleaming
1959,9,Gleaming
1960,5,Common
1961,5,Gleaming
1962,5,Gleaming
1963,7,Gleaming
1964,5,Gleaming
1965,5,Common
1966,5,Common
1967,9,Gleaming
1968,7,Common
1969,5,Gleaming
1970,9,Common
1971,8,Common
1972,4,Common
1973,5,Common
1974,5,Common
1975,3,Common
1976,6,Common
1977,8,Common
1978,5,Common
1979,5,Gleaming
1980,8,Common
1981,1,Common
1982,5,Gleaming
1983,6,Common
1984,5,Gleaming
1985,6,Gleaming
1986,5,Common
1987,5,Common
1988,5,Gleaming
1989,6,Common
1990,6,Common
1991,5,Gleaming
1991,5,Gleaming
1992,7,Common
1993,7,Common
1994,5,Common
1995,5,Gleaming
1996,5,Gleaming
1997,6,Common
1998,5,Common
1999,5,Common
1999,5,Common
2000,5,Gleaming
2001,4,Common
2002,5,Gleaming
2003,5,Gleaming
2004,5,Common
2005,5,Enchanting
2006,7,Common
2007,5,Gleaming
2008,6,Common
2009,6,Common
2010,4,Common
2011,6,Gleaming
2012,5,Gleaming
2013,5,Gleaming
2014,5,Gleaming
2015,7,Common
2016,8,Common
2017,7,Common
2018,6,Common
2019,5,Gleaming
2020,5,Gleaming
2021,5,Gleaming
2022,6,Common
2022,6,Common
2023,5,Enchanting
2024,5,Gleaming
2025,5,Common
2026,6,Common
2027,5,Gleaming
2028,5,Gleaming
2029,5,Common
2030,7,Common
2031,5,Gleaming
2032,5,Common
2033,5,Common
2034,7,Gleaming
2035,5,Common
2036,5,Gleaming
2037,5,Common
2038,5,Common
2039,7,Gleaming
2040,5,Common
2041,7,Common
2042,5,Common
2043,6,Common
2044,5,Gleaming
2045,5,Gleaming
2046,7,Common
2047,5,Common
2048,6,Common
2049,6,Gleaming
2050,7,Common
2051,5,Gleaming
2052,5,Enchanting
2053,7,Common
2054,6,Common
2055,7,Common
2056,6,Common
2057,7,Common
2058,5,Enchanting
2059,6,Common
2060,5,Gleaming
2061,5,Common
2062,5,Common
2063,5,Gleaming
2064,5,Gleaming
2065,8,Common
2066,5,Gleaming
2067,5,Common
2068,5,Common
2069,5,Gleaming
2070,5,Common
2071,7,Common
2072,5,Gleaming
2073,4,Common
2073,4,Common
2074,8,Common
2075,5,Gleaming
2076,7,Common
2077,4,Common
2078,6,Common
2079,7,Common
2080,8,Common
2081,7,Common
2082,5,Common
2083,6,Common
2084,6,Gleaming
2085,6,Gleaming
2086,5,Common
2087,5,Common
2088,5,Common
2089,6,Common
2090,6,Modest
2091,5,Common
2092,6,Gleaming
2093,4,Common
2094,5,Common
2095,5,Common
2096,5,Common
2097,5,Gleaming
2098,5,Common
2099,7,Common
2100,4,Common
2101,5,Gleaming
2102,5,Common
2103,5,Gleaming
2104,5,Common
2105,5,Gleaming
2106,7,Common
2107,5,Common
2108,5,Gleaming
2109,5,Common
2110,6,Common
2111,6,Common
2112,6,Common
2113,5,Enchanting
2114,5,Gleaming
2115,5,Gleaming
2116,6,Common
2117,5,Common
2118,7,Common
2119,5,Gleaming
2120,5,Common
2121,5,Gleaming
2122,7,Common
2123,5,Common
2124,7,Common
2125,5,Gleaming
2126,6,Common
2127,5,Common
2128,5,Gleaming
2129,6,Common
2130,5,Gleaming
2131,5,Common
2132,3,Common
2133,5,Common
2134,5,Common
2135,5,Gleaming
2136,5,Enchanting
2137,5,Enchanting
2138,7,Gleaming
2139,5,Common
2140,5,Gleaming
2141,6,Gleaming
2142,8,Common
2143,7,Common
2144,5,Gleaming
2145,5,Gleaming
2146,9,Gleaming
2147,7,Common
2148,7,Common
2149,5,Gleaming
2150,7,Gleaming
2151,5,Common
2152,8,Common
2153,5,Gleaming
2154,5,Gleaming
2155,5,Gleaming
2156,5,Common
2157,5,Common
2158,5,Gleaming
2159,7,Gleaming
2160,5,Common
2161,5,Common
2162,6,Modest
2163,4,Modest
2164,5,Gleaming
2165,7,Common
2166,5,Gleaming
2167,7,Common
2168,9,Common
2169,5,Common
2170,5,Enchanting
2171,5,Common
2172,6,Common
2173,5,Common
2174,6,Common
2175,6,Modest
2176,6,Common
2177,5,Common
2178,5,Common
2179,7,Common
2180,5,Common
2181,3,Modest
2182,5,Common
2183,6,Common
2184,5,Enchanting
2185,5,Common
2186,6,Common
2187,5,Gleaming
2188,5,Gleaming
2189,5,Gleaming
2190,8,Gleaming
2191,5,Common
2192,5,Gleaming
2192,5,Gleaming
2193,7,Gleaming
2194,5,Common
2195,5,Common
2196,5,Gleaming
2197,5,Common
2198,5,Common
2199,5,Gleaming
2200,6,Common
2201,5,Gleaming
2202,5,Common
2203,6,Common
2204,5,Common
2205,6,Common
2206,5,Gleaming
2207,5,Gleaming
2208,5,Common
2209,6,Common
2210,5,Gleaming
2211,5,Gleaming
2212,7,Common
2213,5,Common
2214,7,Common
2215,5,Common
2216,7,Modest
2217,5,Gleaming
2218,6,Common
2219,5,Enchanting
2220,5,Gleaming
2221,6,Common
2222,8,Gleaming
2223,5,Gleaming
2224,6,Common
2225,5,Gleaming
2226,5,Gleaming
2227,5,Common
2228,5,Gleaming
2229,8,Gleaming
2230,5,Common
2231,5,Common
2232,7,Common
2233,5,Common
2234,6,Common
2235,5,Common
2236,5,Enchanting
2237,5,Gleaming
2238,6,Common
2239,5,Enchanting
2240,7,Common
2241,5,Common
2242,6,Common
2243,6,Common
2244,5,Gleaming
2245,4,Common
2246,7,Common
2247,5,Common
2248,7,Common
2249,5,Common
2250,7,Modest
2251,3,Modest
2252,5,Modest
2253,3,Common
2254,5,Common
2255,5,Common
2255,5,Common
2256,6,Common
2257,5,Gleaming
2258,5,Gleaming
2259,6,Common
2260,5,Gleaming
2261,4,Common
2262,5,Gleaming
2263,8,Common
2264,5,Common
2265,6,Common
2266,5,Gleaming
2267,7,Gleaming
2268,5,Common
2269,5,Gleaming
2270,5,Gleaming
2271,8,Enchanting
2272,7,Common
2273,7,Common
2274,5,Gleaming
2275,5,Gleaming
2276,5,Gleaming
2277,7,Common
2278,5,Common
2279,5,Common
2280,5,Common
2281,5,Common
2282,7,Common
2283,3,Common
2284,5,Common
2285,5,Gleaming
2286,5,Enchanting
2287,7,Common
2288,7,Common
2289,7,Common
2290,5,Common
2291,7,Common
2292,5,Gleaming
2293,6,Common
2294,6,Common
2295,8,Common
2296,6,Common
2297,6,Common
2298,5,Gleaming
2299,5,Gleaming
2300,7,Common
2301,5,Common
2302,5,Gleaming
2303,6,Gleaming
2304,5,Enchanting
2305,5,Gleaming
2306,5,Gleaming
2307,5,Gleaming
2308,5,Common
2309,5,Common
2310,5,Common
2311,6,Common
2312,7,Common
2313,5,Common
2314,5,Gleaming
2315,5,Common
2316,5,Gleaming
2317,5,Common
2318,5,Common
2319,5,Gleaming
2320,5,Gleaming
2321,6,Common
2322,5,Gleaming
2323,6,Common
2324,5,Gleaming
2325,6,Common
2326,6,Gleaming
2327,6,Common
2328,7,Common
2329,5,Common
2330,5,Enchanting
2331,5,Gleaming
2332,5,Gleaming
2333,5,Gleaming
2334,5,Common
2335,5,Common
2336,3,Common
2337,5,Enchanting
2338,7,Common
2339,1,Common
